lab-id,country,admin1
77669_EMLK,SLE,?
77681_EMLK,SLE,?
KT4730,SLE,?
705_EMLH,SLE,?
473_EMLH,SLE,?
MK0384,SLE,Bombali
MK1079,SLE,Bombali
LIBR10071,LBR,Montserrado
LIBR10054,LBR,Bomi
PL6086,SLE,Kambia
MK0894,SLE,Bombali
20146578,SLE,Koinadugu
G3845.2,SLE,Kenema
MK4165,SLE,Koinadugu
466_EMLH,SLE,WesternUrban
KT2641,SLE,?
20141497,SLE,Bombali
1059,GIN,Conakry
KT2669,SLE,?
EM_COY_2015_023888,GIN,Dubreka
IPDPFHGINSP_GUI_2015_6899,GIN,Boke
EM_COY_2015_016483,GIN,Boke
EM_COY_2015_017574,GIN,Boke
KG45,GIN,Boke
GUI_CTS_2015_0052,GIN,Boke
KG88,GIN,Boke
KG90,GIN,Boke
GUI_CTS_2015_0051,GIN,Boke
KG35,GIN,Boke
KG168,GIN,Boke
KG87,GIN,Boke
KG80,GIN,Boke
KG91,GIN,Boke
KG167,GIN,Boke
GUI_CTS_2015_0050,GIN,Boke
PL4194,SLE,PortLoko
MK2397,SLE,Bombali
MK2938,SLE,Bombali
MK2900,SLE,Bombali
KT5789,SLE,WesternUrban
KT5858,SLE,?
EM_078555,GIN,Faranah
EM113,SLE,Kailahun
EM111,SLE,Kailahun
REDC_GUI_2015_00494B,GIN,Conakry
DML24601,SLE,Kono
DML24592,SLE,Kono
J0107,SLE,WesternUrban
J0029,SLE,PortLoko
G5647.1,SLE,?
20140729,SLE,Bo
G5640.1,SLE,?
12854_EMLH,SLE,WesternUrban
MK2449,SLE,Bombali
MK2282,SLE,Bombali
684,GIN,Conakry
20140254,SLE,Bo
G5644.1,SLE,?
20141227,SLE,Bo
MK1014,SLE,Bombali
768,GIN,Conakry
EM_074461,GIN,Gueckedou
12705_EMLH,SLE,WesternUrban
DML12458,SLE,WesternUrban
LIBR10241,LBR,?
PL4187,SLE,PortLoko
KT5974,SLE,?
PL5099,SLE,PortLoko
PL4671,SLE,PortLoko
KT5832,SLE,?
PL4679,SLE,?
EM_000321,GIN,Macenta
EM_075932,GIN,Macenta
EM_076217,GIN,Macenta
EM_076403,GIN,Macenta
EM_078706,GIN,Kissidougou
EM_004059,GIN,Kissidougou
EM_078694,GIN,Kissidougou
EM_078763,GIN,Kissidougou
EM_004259,GIN,Kissidougou
EM_004290,GIN,Kissidougou
EM_004201,GIN,Kissidougou
EM_078779,GIN,Kissidougou
EM_004422,GIN,Kissidougou
EM_004438,GIN,Kissidougou
EM_004437,GIN,Kissidougou
EM_004414,GIN,Kissidougou
EM_078722,GIN,Kissidougou
EM_004085,GIN,Kissidougou
EM_076472,GIN,Macenta
PL4680,SLE,?
PL5228,SLE,PortLoko
PL5179,SLE,PortLoko
PL4651,SLE,PortLoko
G3846,SLE,Kailahun
G3765,SLE,Kailahun
G5844.1,SLE,Moyamba
20141043,SLE,Moyamba
G4323.2,SLE,Kenema
G4329.1,SLE,Kailahun
EM115,SLE,Kailahun
EM106,SLE,Kailahun
NM042,SLE,Kambia
G3750,SLE,Kailahun
G3814,SLE,Kailahun
G3817,SLE,Kailahun
EM124,SLE,Kailahun
G3724,SLE,Kailahun
G3819,SLE,Kailahun
G3764,SLE,?
G3840,SLE,Kailahun
G3818,SLE,Kailahun
G3821,SLE,Kailahun
G3816,SLE,Kailahun
G3809,SLE,Kailahun
G3822,SLE,Kailahun
EM104,SLE,Kailahun
G3735,SLE,Kailahun
G3856,SLE,Kenema
G4422.1,SLE,Kenema
G4345.1,SLE,Kenema
G4316.1,SLE,Kenema
G4415.1,SLE,Kenema
G4389.1,SLE,Kenema
G4406.1,SLE,Kono
G5364.1,SLE,?
G5059.1,SLE,Kenema
20140038,SLE,Tonkolili
G5570.1,SLE,Kenema
G4702.1,SLE,Kenema
G4701.1,SLE,Kenema
G4324.1,SLE,Kenema
G4325.1,SLE,Kenema
G4380.1,SLE,Kenema
G4837.1,SLE,Kenema
G4856.1,SLE,Kenema
20140910,SLE,Kenema
G4971.1,SLE,Kenema
G5370.1,SLE,Kenema
G4946.1,SLE,Kenema
G4907.1,SLE,Kenema
Makona-UK1.1,SLE,Kenema
20140008,SLE,Kenema
G4960.1,SLE,Kenema
G4937.1,SLE,Kenema
G4942.1,SLE,Moyamba
G4886.1,SLE,Kenema
G4312.2,SLE,PortLoko
G4350.1,SLE,Kenema
G4190.1,SLE,Kailahun
G3950.1,SLE,?
G3850,SLE,Kailahun
G3917.1,SLE,Kenema
G3845,SLE,Kailahun
G4151.1,SLE,Kenema
G4450.1,SLE,Kenema
G3855.2,SLE,Kenema
G3798,SLE,Kailahun
G3771,SLE,Kailahun
G3805,SLE,Kailahun
G3949.1,SLE,?
20140161,SLE,Kailahun
20140100,SLE,Pujehun
20141012,SLE,Pujehun
G5879.1,SLE,Pujehun
G6060.1,SLE,Pujehun
G6062.1,SLE,Pujehun
20141643,SLE,Pujehun
G4419.1,SLE,Kenema
G4217.1,SLE,Bo
G3952.1,SLE,Kailahun
G3826,SLE,Kailahun
G3827,SLE,Kailahun
G3851,SLE,Kenema
G4736.1,SLE,Kenema
G4717.1,SLE,Kenema
G4730.1,SLE,Kenema
G4132.1,SLE,Kenema
G3857,SLE,Kailahun
G3889.1,SLE,Kenema
EM_080265,SLE,Kailahun
G3829,SLE,Kailahun
G3834,SLE,Kailahun
G3851.2,SLE,Kenema
G3848,SLE,Kailahun
G3825,SLE,Kailahun
G4334.1,SLE,Kenema
G3886.1,SLE,Kenema
G4264.1,SLE,Kenema
G4347.1,SLE,Kenema
G4996.1,SLE,?
505,GIN,Conakry
G4423.1,SLE,Kailahun
G4255.1,SLE,Kailahun
MK2656,SLE,Koinadugu
MK3050,SLE,Koinadugu
MK2918,SLE,Koinadugu
20142551,SLE,Koinadugu
20143938,SLE,Koinadugu
20143648,SLE,Koinadugu
20143659,SLE,Koinadugu
20142895,SLE,Koinadugu
J0009,SLE,PortLoko
J0062,SLE,PortLoko
G6091.1,SLE,Tonkolili
J0055,SLE,PortLoko
20141271,SLE,PortLoko
G5983.1,SLE,?
20140024,SLE,PortLoko
G5997.1,SLE,?
G5998.1,SLE,?
G5996.1,SLE,?
J0036,SLE,PortLoko
J0033,SLE,PortLoko
J0070,SLE,PortLoko
J0072,SLE,PortLoko
J0084,SLE,PortLoko
J0083,SLE,PortLoko
J0035,SLE,PortLoko
J0058,SLE,PortLoko
J0071,SLE,PortLoko
MK0879,SLE,PortLoko
J0095,SLE,WesternUrban
J0110,SLE,WesternUrban
J0119,SLE,WesternUrban
J0155,SLE,WesternArea
J0097,SLE,WesternRural
KT5226,SLE,?
KT5320,SLE,WesternRural
KT5388,SLE,WesternRural
KT5738,SLE,?
KT5734,SLE,WesternRural
12615_EMLH,SLE,WesternRural
J0158,SLE,WesternRural
J0120,SLE,WesternRural
J0111,SLE,WesternUrban
MK0020,SLE,Bombali
MK13013,SLE,Bombali
20143550,SLE,Bombali
MK1156,SLE,Bombali
MK0574,SLE,?
MK0592,SLE,Bombali
MK0704,SLE,Bombali
J0023,SLE,WesternRural
G5019.1,SLE,Kenema
G4868.1,SLE,?
J0037,SLE,PortLoko
J0056,SLE,PortLoko
J0161,SLE,WesternUrban
J0139,SLE,WesternUrban
J0025,SLE,WesternRural
J0082,SLE,WesternRural
J0145,SLE,WesternRural
J0122,SLE,WesternUrban
Makona-Italy-INMI1,SLE,WesternArea
20144819,SLE,Moyamba
20144820,SLE,Moyamba
20143360,SLE,Kenema
20143415,SLE,WesternRural
J0138,SLE,WesternUrban
J0126,SLE,WesternRural
J0125,SLE,WesternRural
20143018,SLE,WesternUrban
J0057,SLE,PortLoko
G5304.1,SLE,?
J0046,SLE,WesternRural
J0076,SLE,WesternRural
J0127,SLE,WesternUrban
J0128,SLE,WesternUrban
J0175,SLE,WesternArea
J0166,SLE,WesternUrban
J0131,SLE,PortLoko
J0130,SLE,PortLoko
G6089.1,SLE,Tonkolili
J0010,SLE,PortLoko
J0109,SLE,WesternUrban
J0067,SLE,PortLoko
J0034,SLE,PortLoko
J0162,SLE,Kambia
J0063,SLE,PortLoko
J0027,SLE,Bombali
20143918,SLE,WesternRural
MK0864,SLE,?
75711_EMLH,SLE,WesternUrban
MK0725,SLE,Bombali
77585_EMLK,SLE,WesternUrban
G6095.1,SLE,Tonkolili
20141429,SLE,Kono
J0031,SLE,PortLoko
J0045,SLE,WesternUrban
J0064,SLE,WesternUrban
77525_EMLK,SLE,?
77612_EMLK,SLE,WesternUrban
77632_EMLK,SLE,WesternUrban
77589_EMLK,SLE,WesternUrban
356_EMLH,SLE,?
J0068,SLE,WesternRural
75779_EMLH,SLE,WesternUrban
G5119.1,SLE,Kenema
20143187,SLE,Pujehun
20141582,SLE,Bo
J0026,SLE,Bombali
J0106,SLE,WesternRural
J0116,SLE,WesternRural
J0098,SLE,WesternRural
J0170,SLE,WesternUrban
DML12194,SLE,WesternUrban
KT2317,SLE,PortLoko
KT2321,SLE,PortLoko
J0069,SLE,WesternRural
20141123,SLE,Bo
J0133,SLE,WesternRural
Makona-UK2,SLE,WesternArea
J0117,SLE,WesternRural
20143796,SLE,Moyamba
KT5249,SLE,WesternUrban
12189_EMLH,SLE,WesternUrban
12193_EMLH,SLE,WesternUrban
380_EMLH,SLE,?
J0100,SLE,Kambia
20141650,SLE,Kenema
J0040,SLE,WesternArea
J0004,SLE,WesternRural
J0148,SLE,WesternRural
KT4935,SLE,WesternRural
J0091,SLE,WesternArea
J0108,SLE,WesternRural
J0081,SLE,WesternRural
G5898.1,SLE,Bo
20141280,SLE,Kambia
G5684.1,SLE,Kenema
G5685.1,SLE,Kenema
G5114.1,SLE,Pujehun
J0006,SLE,WesternRural
20140395,SLE,Kono
G5112.1,SLE,Kenema
G4861.1,SLE,?
507,GIN,Conakry
G4200.1,SLE,Kenema
G4466.1,SLE,Bo
509,GIN,Conakry
77591_EMLK,SLE,WesternUrban
J0021,SLE,Bombali
742,GIN,Conakry
20140590,SLE,Kenema
1116,GIN,Dalaba
1104,GIN,Dalaba
G4465.1,SLE,Kenema
573,GIN,Conakry
75722_EMLH,SLE,WesternRural
77549_EMLK,SLE,?
12004_EMLH,SLE,WesternRural
DML12239,SLE,WesternUrban
G5743.1,SLE,Kono
G5529.1,SLE,Kono
J0093,SLE,WesternRural
J0136,SLE,WesternRural
J0080,SLE,PortLoko
480_EMLH,SLE,?
468_EMLH,SLE,?
448_EMLH,SLE,?
442_EMLH,SLE,?
DML25180,SLE,Kono
DML25344,SLE,Kono
611_EMLH,SLE,?
489_EMLH,SLE,WesternRural
402_EMLH,SLE,WesternRural
554_EMLH,SLE,?
KT4695,SLE,WesternRural
793_EMLH,SLE,?
511_EMLH,SLE,WesternUrban
KT4631,SLE,WesternUrban
518_EMLH,SLE,?
KT4609,SLE,?
KT5073,SLE,?
614_EMLH,SLE,WesternRural
651_EMLH,SLE,?
PL3984,SLE,PortLoko
762_EMLH,SLE,?
KT4677,SLE,WesternRural
470_EMLH,SLE,?
443_EMLH,SLE,WesternUrban
389_EMLH,SLE,WesternRural
77574_EMLK,SLE,?
DML25411,SLE,Kono
J0043,SLE,WesternArea
J0169,SLE,WesternUrban
77526_EMLK,SLE,?
77615_EMLK,SLE,WesternUrban
77613_EMLK,SLE,WesternUrban
14687_EMLK,SLE,WesternUrban
PL4346,SLE,Kambia
12855_EMLH,SLE,WesternUrban
12934_EMLH,SLE,WesternUrban
12916_EMLH,SLE,WesternUrban
13031_EMLH,SLE,WesternUrban
DML13828,SLE,WesternUrban
13268_EMLH,SLE,?
18638R_EMLH,SLE,WesternUrban
13275_EMLH,SLE,WesternUrban
18648_EMLH,SLE,WesternUrban
18649_EMLH,SLE,WesternUrban
18659R_EMLH,SLE,WesternUrban
KT7106,SLE,?
18596_EMLH,SLE,WesternUrban
18660_EMLH,SLE,WesternUrban
18647_EMLH,SLE,WesternUrban
18636_EMLH,SLE,?
18642R_EMLH,SLE,WesternUrban
18687R_EMLH,SLE,WesternUrban
18650_EMLH,SLE,WesternUrban
DML14366,SLE,WesternUrban
18706_EMLH,SLE,?
PL8486,SLE,?
DML14163,SLE,WesternUrban
MK10128,SLE,Tonkolili
MK10173,SLE,Tonkolili
15070R_DML,SLE,WesternUrban
MK8878,SLE,Tonkolili
13247_EMLH,SLE,?
DML14077,SLE,WesternUrban
18538_EMLH,SLE,?
13204_EMLH,SLE,WesternUrban
MK9396,SLE,WesternUrban
12872_EMLH,SLE,WesternUrban
12936_EMLH,SLE,WesternUrban
12851_EMLH,SLE,WesternUrban
J0075,SLE,WesternRural
J0094,SLE,WesternRural
75708_EMLH,SLE,?
J0151,SLE,WesternRural
408_EMLH,SLE,?
J0153,SLE,WesternRural
J0172,SLE,WesternRural
J0090,SLE,WesternUrban
PL2668,SLE,PortLoko
KT4622,SLE,?
KT5034,SLE,?
PL4105,SLE,PortLoko
PL5001,SLE,PortLoko
12257_EMLH,SLE,PortLoko
12229_EMLH,SLE,WesternRural
PL4190,SLE,PortLoko
PL2101,SLE,PortLoko
J0129,SLE,WesternUrban
77712_EMLK,SLE,WesternUrban
KT5788,SLE,?
14521_EMLK,SLE,WesternUrban
12666_EMLH,SLE,WesternRural
12578_EMLH,SLE,WesternRural
12767_EMLH,SLE,WesternUrban
12781_EMLH,SLE,WesternUrban
12180_EMLH,SLE,WesternUrban
MK2362,SLE,Bombali
10454_EMLK,SLE,WesternUrban
MK2342,SLE,Bombali
10402_EMLK,SLE,WesternUrban
MK2431,SLE,Bombali
DML12137,SLE,WesternUrban
DML12485,SLE,WesternUrban
MK2427,SLE,Bombali
DML12120,SLE,WesternUrban
KT5225,SLE,?
DML12117,SLE,WesternUrban
DML12033,SLE,WesternUrban
MK2673,SLE,Bombali
KT5233,SLE,WesternRural
12275_EMLH,SLE,WesternUrban
KT5542,SLE,?
DML12116,SLE,WesternUrban
PL4696,SLE,PortLoko
PL4569,SLE,PortLoko
741_EMLH,SLE,WesternUrban
12580_EMLH,SLE,WesternRural
Goderich1,SLE,WesternUrban
MK2717,SLE,Bombali
MK2395,SLE,Bombali
12192_EMLH,SLE,WesternUrban
MK2371,SLE,Bombali
Makona-UK3,SLE,WesternArea
KT5787,SLE,WesternUrban
KT5214,SLE,?
DML12268,SLE,WesternUrban
MK3183,SLE,Bombali
MK2826,SLE,Bombali
MK2570,SLE,Bombali
MK2307,SLE,?
DML12051,SLE,WesternUrban
KT4828,SLE,?
KT5245,SLE,?
MK2367,SLE,Bombali
12634_EMLH,SLE,WesternUrban
PL7483,SLE,?
KT5382,SLE,WesternRural
MK2437,SLE,Bombali
10415_EMLK,SLE,WesternUrban
PL4292,SLE,Kambia
MK2369,SLE,Bombali
MK2364,SLE,Bombali
731_EMLH,SLE,WesternUrban
PL4059,SLE,PortLoko
MK2008,SLE,WesternUrban
MK2365,SLE,Bombali
MK2344,SLE,Bombali
MK2789,SLE,Bombali
MK2850,SLE,Bombali
732_EMLH,SLE,?
10455_EMLK,SLE,WesternUrban
KT5859,SLE,?
MK2790,SLE,Bombali
MK2405,SLE,Bombali
KT5786,SLE,?
12181_EMLH,SLE,WesternUrban
MK2447,SLE,Bombali
KT5486,SLE,?
PL5019,SLE,PortLoko
PL4570,SLE,PortLoko
PL5202,SLE,PortLoko
MK3462,SLE,Bombali
MK3479,SLE,Bombali
MK2983,SLE,Bombali
MK2383,SLE,Bombali
MK2343,SLE,Bombali
MK2366,SLE,Bombali
MK2788,SLE,Bombali
MK2506,SLE,Bombali
12579_EMLH,SLE,WesternRural
12628_EMLH,SLE,WesternRural
MK2283,SLE,Bombali
KT5224,SLE,?
MK2448,SLE,Bombali
MK3043,SLE,Bombali
DML12260,SLE,WesternUrban
MK2382,SLE,Bombali
MK2724,SLE,Bombali
MK2710,SLE,Bombali
MK2398,SLE,Bombali
12178_EMLH,SLE,WesternUrban
12600_EMLH,SLE,WesternUrban
MK2341,SLE,Bombali
12242_EMLH,SLE,WesternUrban
MK2255,SLE,Bombali
MK2825,SLE,Bombali
12179_EMLH,SLE,WesternUrban
MK2436,SLE,Bombali
MK2370,SLE,Bombali
MK2334,SLE,Bombali
77573_EMLK,SLE,WesternUrban
77670_EMLK,SLE,?
77644_EMLK,SLE,WesternUrban
77643_EMLK,SLE,WesternUrban
12757_EMLH,SLE,WesternUrban
413_EMLH,SLE,?
634_EMLH,SLE,WesternUrban
632_EMLH,SLE,WesternUrban
77558_EMLK,SLE,?
20145853,SLE,Pujehun
J0077,SLE,WesternRural
J0052,SLE,WesternUrban
1128,GIN,Conakry
1149,GIN,Conakry
J0132,SLE,WesternUrban
J0124,SLE,WesternArea
J0167,SLE,WesternUrban
J0060,SLE,WesternUrban
J0059,SLE,WesternRural
J0065,SLE,WesternRural
J0087,SLE,PortLoko
75685_EMLH,SLE,?
77676_EMLK,SLE,?
77679_EMLK,SLE,?
77563_EMLK,SLE,?
77630_EMLK,SLE,WesternUrban
405_EMLH,SLE,?
77649_EMLK,SLE,WesternUrban
77711_EMLK,SLE,WesternUrban
14888_EMLK,SLE,Kambia
14830_EMLK,SLE,Kambia
14782_EMLK,SLE,Kambia
PL5868,SLE,Kambia
12161_EMLH,SLE,?
77677_EMLK,SLE,?
77648_EMLK,SLE,WesternUrban
77667_EMLK,SLE,?
77675_EMLK,SLE,?
77716_EMLK,SLE,WesternUrban
77673_EMLK,SLE,?
77710_EMLK,SLE,WesternUrban
J0078,SLE,WesternUrban
77580_EMLK,SLE,WesternUrban
J0086,SLE,WesternRural
20143753,SLE,Tonkolili
20143716,SLE,Moyamba
20144610,SLE,Tonkolili
J0047,SLE,WesternUrban
20143031,SLE,WesternUrban
J0044,SLE,WesternRural
740,GIN,Conakry
20140489,SLE,Kenema
786,GIN,Conakry
1250,GIN,Conakry
1651,GIN,Conakry
PL4094,SLE,Kambia
EM_COY_2015_015972,GIN,Forecariah
EM-FORE_2015_1160,GIN,Forecariah
EM_COY_2015_016278,GIN,Forecariah
EM-FORE-2015-664,GIN,Forecariah
EM_FORE_2015_781,GIN,Forecariah
EM_COY_2015_022059,GIN,Forecariah
EM_FORE_2015_1079,GIN,Forecariah
EM_FORE_2015_1118,GIN,Forecariah
EM_FORE_2015_1313,GIN,Forecariah
EM-FORE-2015-838,GIN,Forecariah
EM_FORE_2015_1076,GIN,Forecariah
CON-10786,GIN,Conakry
EM-FORE-2015-1414,GIN,Forecariah
EM_FORE_2015_1140,GIN,Forecariah
EM_FORE_2015_1437,GIN,Forecariah
EM_FORE_2015_1023,GIN,Forecariah
REDC-GUI-2015-00497,GIN,Conakry
EM_FORE_2015_1047,GIN,Forecariah
CON-8811,GIN,Dubreka
EM_FORE_2015_934,GIN,Forecariah
EM_COY_2015_017174,GIN,Forecariah
EM_FORE_2015_896,GIN,Forecariah
EM_FORE_2015_1024,GIN,Forecariah
EM_FORE_2015_696,GIN,Forecariah
EM-FORE-2015-631,GIN,Forecariah
EM_FORE_2015_697,GIN,Forecariah
EM-FORE-2015-669,GIN,Forecariah
EM-FORE-2015-548,GIN,Forecariah
EM_FORE_2015_695,GIN,Forecariah
EM_FORE_2015-1971,GIN,Forecariah
EM_COY_2015_015980,GIN,Forecariah
CON-8559,GIN,Conakry
EM_COY_2015_013795,GIN,Forecariah
EM_COY_2015_014370,GIN,Forecariah
EM_COY_2015_016238,GIN,Forecariah
14795_EMLK,SLE,Kambia
EM_COY_2015_014060,GIN,Dubreka
EM_COY_2015_015986,GIN,Fria
EM_COY_2015_015815,GIN,Fria
EM_COY_2015_016267,GIN,Dubreka
EM_COY_2015_016617,GIN,Dubreka
EM_COY_2015_016531,GIN,Dubreka
EM_COY_2015_016456,GIN,Dubreka
IPDPFHGINSP_GUI_2015_5038,GIN,Conakry
EM_COY_2015_016800,GIN,Dubreka
EM_COY_2015_016515,GIN,Dubreka
EM_COY_2015_017787,GIN,Dubreka
EM_COY_2015_017788,GIN,Dubreka
EM_COY_2015_017057,GIN,Dubreka
EM_COY_2015_017238,GIN,Dubreka
EM_COY_2015_017135,GIN,Dubreka
EM_COY_2015_017865,GIN,Dubreka
REDC_GUI_2015_00483,GIN,Conakry
REDC-GUI-2015-00502,GIN,Conakry
REDC_GUI_2015_00545,GIN,Conakry
REDC_GUI_2015_00576,GIN,Conakry
REDC_GUI_2015_01285,GIN,Conakry
EM_COY_2015_023747,GIN,Dubreka
REDC-GUI-2015-00402,GIN,Conakry
CON-10193,GIN,Conakry
CON-10512,GIN,Conakry
CON-10590,GIN,Conakry
CON-11010,GIN,Conakry
REDC_GUI_2015_01165,GIN,Conakry
REDC_GUI_2015_01323,GIN,Conakry
REDC_GUI_2015_01408,GIN,Conakry
EM_FORE_2015-2417,GIN,Forecariah
EM_FORE_2015-2531,GIN,Forecariah
REDC_GUI_2015_02242,GIN,Forecariah
EM_FORE_2015_2878,GIN,Forecariah
EM_FORE_2015_2781,GIN,Forecariah
EM_FORE_2015-2533,GIN,Forecariah
EM_FORE_2015-2547,GIN,Forecariah
REDC_GUI_2015_00589,GIN,Conakry
EM_COY_2015_017664,GIN,Dubreka
EM_COY_2015_017666,GIN,Dubreka
EM_COY_2015_017240,GIN,Dubreka
EM_COY_2015_016414,GIN,Dubreka
PL5260,SLE,Kambia
EM_COY_2015_013962,GIN,Forecariah
PL6070,SLE,Kambia
EM_GUI_2015_004674,GIN,Siguiri
EM_COY_2015_013671,GIN,Coyah
14748_EML,SLE,Kambia
PL4872,SLE,Kambia
PL5428,SLE,Kambia
PL5361,SLE,Kambia
14729_EML,SLE,Kambia
14750_EML,SLE,Kambia
14859_EMLK,SLE,Kambia
14723_EML,SLE,Kambia
PL5803,SLE,Kambia
PL6158,SLE,Kambia
PL5801,SLE,Kambia
PL4347,SLE,Kambia
1027,GIN,Conakry
1105,GIN,Conakry
1043,GIN,Conakry
1283,GIN,Coyah
1100,GIN,Conakry
976,GIN,Conakry
1215,GIN,Conakry
657,GIN,Conakry
1081,GIN,Conakry
701,GIN,Conakry
678,GIN,Conakry
G5039.1,SLE,Kenema
G4981.1,SLE,?
Makona-201403147,SLE,?
G4982.1,SLE,?
G4698.1,SLE,Kenema
G4424.1,SLE,Kailahun
G4454.1,SLE,Kailahun
G4263.1,SLE,Kenema
787,GIN,Conakry
20141232,SLE,Tonkolili
J0015,SLE,Bombali
20142260,SLE,Bombali
MK1197,SLE,Bombali
J0096,SLE,WesternUrban
J0022,SLE,Bombali
J0017,SLE,Bombali
J0019,SLE,Bombali
J0020,SLE,Bombali
G5295.1,SLE,?
20140134,SLE,Bombali
MK0531,SLE,Bombali
MK0869,SLE,Bombali
MK0024,SLE,Bombali
MK0045,SLE,Bombali
MK0367,SLE,Bombali
MK0388,SLE,Bombali
MK0392,SLE,Bombali
MK0369,SLE,Bombali
MK0584,SLE,Bombali
MK0857,SLE,?
MK0723,SLE,?
MK0533,SLE,?
MK0364,SLE,Bombali
MK0433,SLE,Bombali
MK0365,SLE,Bombali
MK0434,SLE,Bombali
MK0390,SLE,Bombali
MK0607,SLE,?
MK0431,SLE,Bombali
MK1320,SLE,Bombali
MK1888,SLE,?
MK1782,SLE,?
MK0849,SLE,?
MK0491,SLE,Bombali
MK0366,SLE,Bombali
MK0393,SLE,?
MK0379,SLE,Bombali
MK0549,SLE,Bombali
MK1036,SLE,Bombali
MK1202,SLE,Bombali
MK0966,SLE,Bombali
MK0868,SLE,?
MK0363,SLE,?
MK0551,SLE,?
20143107,SLE,Bombali
MK0664,SLE,?
MK0575,SLE,?
20144837,SLE,Bombali
20146553,SLE,Koinadugu
MK0368,SLE,Bombali
20144192,SLE,Bombali
20142843,SLE,Bombali
G5296.1,SLE,?
J0160,SLE,WesternRural
J0152,SLE,WesternRural
20142856,SLE,Tonkolili
20142127,SLE,Bombali
MK0375,SLE,Bombali
KT4054,SLE,?
20145835,SLE,Tonkolili
MK0766,SLE,?
MK0425,SLE,Bombali
MK0085,SLE,Bombali
MK1000,SLE,Bombali
KT4715,SLE,?
1365,GIN,Forecariah
MK0709,SLE,Tonkolili
J0123,SLE,WesternRural
20141960,SLE,Tonkolili
G4431.1,SLE,Bo
G5853.1,SLE,Moyamba
J0118,SLE,WesternRural
20141282,SLE,Kambia
J0105,SLE,PortLoko
J0104,SLE,PortLoko
J0102,SLE,PortLoko
J0103,SLE,PortLoko
J0038,SLE,PortLoko
G5516.1,SLE,Moyamba
G4994.1,SLE,?
J0088,SLE,PortLoko
J0141,SLE,WesternRural
J0074,SLE,WesternRural
J0168,SLE,WesternArea
J0032,SLE,PortLoko
J0003,SLE,PortLoko
20140091,SLE,WesternRural
J0079,SLE,WesternRural
J0165,SLE,WesternUrban
G5738.1,SLE,Moyamba
G5691.1,SLE,Kenema
G5617.1,SLE,Kenema
G5520.1,SLE,Kenema
20140436,SLE,Moyamba
G4999.1,SLE,Kenema
G4725.1,SLE,Moyamba
1039,GIN,Conakry
1069,GIN,Forecariah
1571,GIN,Forecariah
1567,GIN,Forecariah
20141491,SLE,Kambia
J0048,SLE,WesternRural
G5064.1,SLE,Moyamba
955,GIN,Coyah
989,GIN,Forecariah
G4955.1,SLE,?
20144865,SLE,PortLoko
J0101,SLE,PortLoko
J0085,SLE,PortLoko
G5985.1,SLE,?
G4748.1,SLE,?
G4683.1,SLE,?
G5982.1,SLE,?
KT2316,SLE,PortLoko
KT2315,SLE,PortLoko
J0115,SLE,PortLoko
J0114,SLE,PortLoko
J0018,SLE,WesternRural
J0061,SLE,PortLoko
G5986.1,SLE,?
J0142,SLE,WesternUrban
J0073,SLE,PortLoko
G5988.1,SLE,?
G4956.1,SLE,Tonkolili
G4972.1,SLE,Kenema
77724_EMLK,SLE,?
77581_EMLK,SLE,WesternUrban
77594_EMLK,SLE,WesternUrban
77706_EMLK,SLE,WesternUrban
77582_EMLK,SLE,WesternUrban
J0164,SLE,WesternRural
20140433,SLE,Tonkolili
20141288,SLE,PortLoko
75750_EMLH,SLE,WesternUrban
375_EMLH,SLE,?
J0030,SLE,PortLoko
J0011,SLE,PortLoko
J0140,SLE,WesternRural
J0049,SLE,PortLoko
20143036,SLE,PortLoko
J0163,SLE,PortLoko
Makona-GE1,SLE,WesternArea
PL4784,SLE,PortLoko
PL4322,SLE,PortLoko
PL4126,SLE,PortLoko
PL4121,SLE,PortLoko
PL4561,SLE,PortLoko
PL4169,SLE,PortLoko
PL5201,SLE,PortLoko
PL4127,SLE,PortLoko
PL4125,SLE,PortLoko
PL4028,SLE,PortLoko
PL4123,SLE,PortLoko
PL4256,SLE,PortLoko
PL4330,SLE,PortLoko
362_EMLH,SLE,WesternUrban
75688_EMLH,SLE,WesternRural
J0012,SLE,PortLoko
J0014,SLE,PortLoko
KT5243,SLE,?
J0013,SLE,PortLoko
G3752,SLE,Kailahun
G3913.1,SLE,Kenema
EM112,SLE,Kailahun
G4333.1,SLE,Kailahun
G4250.1,SLE,Kailahun
G4299.1,SLE,Kailahun
LIBR10048,LBR,?
LIBR0092,LBR,Montserrado
LIBR10026,LBR,Margibi
LIBR10270,LBR,?
LIBR10101,LBR,?
CDC-NIH-3874,LBR,Montserrado
LIBR0333,LBR,GrandCapeMount
G5756.1,SLE,?
PL4804,SLE,PortLoko
PL4844,SLE,PortLoko
PL4119,SLE,PortLoko
PL4197,SLE,PortLoko
PL4284,SLE,PortLoko
PL4785,SLE,PortLoko
PL5275,SLE,PortLoko
PL5534,SLE,PortLoko
PL5950,SLE,PortLoko
PL5674,SLE,PortLoko
PL4443,SLE,PortLoko
PL4813,SLE,PortLoko
PL4932,SLE,PortLoko
PL4886,SLE,PortLoko
PL4283,SLE,PortLoko
704_EMLH,SLE,?
PL5133,SLE,PortLoko
PL4203,SLE,PortLoko
EM_079408,GIN,Gueckedou
EM_079412,GIN,Gueckedou
EM_079450,LBR,?
EM_079464,GIN,Macenta
EM_079630,GIN,Gueckedou
EM_079681,GIN,Gueckedou
EM_079749,GIN,Gueckedou
EM_079772,GIN,Gueckedou
EM_079753,GIN,Gueckedou
EM_079677,GIN,Gueckedou
EM_079915,GIN,Gueckedou
EM_079685,GIN,Gueckedou
EM_079731,GIN,Gueckedou
EM_079702,GIN,Gueckedou
EM_080076,GIN,Gueckedou
EM_079657,GIN,Gueckedou
EM_079659,GIN,Gueckedou
EM_079622,GIN,Gueckedou
EM_079404,GIN,Gueckedou
EM_079405,GIN,Gueckedou
EM_079444,GIN,Kissidougou
EM_079578,GIN,Gueckedou
EM_079587,GIN,Gueckedou
EM_079514,GIN,Gueckedou
1551,GIN,Conakry
PL7626,SLE,PortLoko
PL7577,SLE,PortLoko
PL7801,SLE,PortLoko
EM_079497,GIN,Gueckedou
EM_079914,GIN,Gueckedou
EM_079911,GIN,Gueckedou
EM_079910,GIN,Gueckedou
EM_079913,GIN,Gueckedou
EM_079912,GIN,Gueckedou
EM_080141,GIN,Gueckedou
EM_080063,GIN,Gueckedou
531,GIN,Kouroussa
517,GIN,Siguiri
EM_074354,GIN,Gueckedou
EM_074335,?,?
EM_079859,GIN,Gueckedou
EM_079815,GIN,Gueckedou
EM_079775,GIN,Gueckedou
EM_079750,GIN,Gueckedou
LIBR10144,LBR,?
LIBR0286,LBR,GrandCapeMount
CDC-NIH-3832,LBR,GrandCapeMount
LIBR0284,LBR,GrandCapeMount
LIBR10103,LBR,Nimba
LIBR10148,LBR,Nimba
LIBR10076,LBR,?
LIBR10169,LBR,?
LIBR10035,LBR,GrandBassa
LIBR10261,LBR,Sinoe
LIBR0176,LBR,Montserrado
LIBR0063,LBR,Montserrado
LIBR0503,LBR,Sinoe
LIBR0505,LBR,Sinoe
LIBR10252,LBR,GrandKru
LIBR10154,LBR,Montserrado
CDC-NIH-3878,LBR,Montserrado
CDC-NIH-2984,LBR,Montserrado
LIBR10137,LBR,?
LIBR10036,LBR,?
LIBR10151,LBR,?
LIBR10110,LBR,?
LIBR10251,LBR,GrandKru
LIBR10136,LBR,?
LIBR0118,LBR,Bomi
LIBR0067,LBR,Bomi
LIBR10224,LBR,Montserrado
LIBR10040,LBR,?
LIBR10042,LBR,?
EM_074462,?,?
EM_000457,GIN,Macenta
EM_075435,GIN,Kerouane
1120,GIN,Conakry
691,GIN,Conakry
789,GIN,Dubreka
1321,GIN,Coyah
1561,GIN,Conakry
1340,GIN,Conakry
1622,GIN,Nzerekore
1623,GIN,Forecariah
1568,GIN,Forecariah
1121,GIN,Conakry
1274,GIN,Coyah
1355,GIN,Coyah
1210,GIN,Conakry
1445,GIN,Conakry
1342,GIN,Conakry
1339,GIN,Coyah
Conakry_633,GIN,Gueckedou
EM_076615,GIN,Macenta
LIBR10055,LBR,Bomi
EM_078683,GIN,Kerouane
LIBR10050,LBR,?
LIBR10061,LBR,Montserrado
EM_074822,LBR,Lofa
EM_074821,LBR,Lofa
EM_075076,GIN,Gueckedou
Conakry_645,GIN,Macenta
CDC-NIH-686,LBR,Margibi
LIBR10062,LBR,?
LIBR10204,LBR,?
1481,GIN,Conakry
1454,GIN,Conakry
EM_076191,GIN,Macenta
1491,GIN,Conakry
EM_076335,GIN,Kerouane
EM_076334,GIN,Kerouane
EM_078639,GIN,Kankan
EM_078670,GIN,Kankan
1394,GIN,Coyah
EM_078415,GIN,Faranah
EM_004494,GIN,Faranah
EM_004481,GIN,Faranah
EM_078416,GIN,Faranah
EM_078638,GIN,Kankan
EM_076383,GIN,Kerouane
EM_078556,GIN,Kankan
EM_078656,GIN,Kouroussa
EM_076192,GIN,Macenta
1063,GIN,Coyah
1205,GIN,Conakry
1480,GIN,Conakry
EM_075373,GIN,Macenta
EM_075929,GIN,Beyla
EM_075930,GIN,Beyla
Makona-Mali-DPR2,GIN,?
EM_075447,GIN,Macenta
EM_075928,GIN,Beyla
EM_075931,GIN,Beyla
Makona-Mali-DPR1,GIN,?
EM_074548,LBR,Lofa
LIBR10248,LBR,?
CDC-NIH-272,LBR,Montserrado
LIBR10100,LBR,?
LIBR0073,LBR,GrandBassa
LIBR0059,LBR,RiverCess
LIBR0058,LBR,RiverCess
LIBR0071,LBR,GrandBassa
LIBR10156,LBR,GrandBassa
LIBR0114,LBR,GrandBassa
LIBR0350,LBR,Montserrado
CDC-NIH-3827,LBR,Montserrado
LIBR0093,LBR,Montserrado
LIBR0116,LBR,GrandBassa
LIBR0115,LBR,GrandBassa
LIBR10172,LBR,?
LIBR10226,LBR,Montserrado
LIBR10022,LBR,?
LIBR10128,LBR,Montserrado
LIBR10155,LBR,GrandBassa
LIBR10279,LBR,Montserrado
LIBR10223,LBR,Montserrado
CDC-NIH-2303,LBR,Montserrado
LIBR0624,LBR,Montserrado
LIBR0622,LBR,Montserrado
LIBR0160,LBR,Montserrado
LIBR0112,LBR,Montserrado
LIBR10196,LBR,?
LIBR0168,LBR,Bomi
EM_001101,GIN,Macenta
EM_000028,GIN,Macenta
EM_000218,GIN,Macenta
EM_074785,GIN,Macenta
EM_076138,GIN,Gueckedou
EM_000127,GIN,Gueckedou
EM_000502,GIN,Macenta
EM_076951,GIN,Lola
EM_076193,GIN,Nzerekore
EM_076533,GIN,Macenta
EM_076534,GIN,Macenta
EM_078654,GIN,Macenta
EM_078608,GIN,Macenta
EM_000982,GIN,Macenta
EM_076610,GIN,Nzerekore
1371,GIN,Conakry
EM_001102,GIN,Lola
EM_000501,GIN,Macenta
EM_000983,GIN,Macenta
EM_000925,GIN,Macenta
EM_000015,GIN,Macenta
EM_000027,GIN,?
EM_076322,GIN,Macenta
PL8429,SLE,PortLoko
1211,GIN,Dalaba
1279,GIN,Coyah
EM_074351,LBR,Lofa
G3800,SLE,Kailahun
DML24606,SLE,Kono
LIBR10093,LBR,Nimba
KT5317,SLE,WesternRural
EM_080193,LBR,?
EM_079983,SLE,Kailahun
EM_080011,SLE,Kailahun
EM_080066,LBR,?
EM_080132,SLE,Kailahun
EM_000500,GIN,Macenta
EM_080253,GIN,Gueckedou
1213,GIN,Conakry
1193,GIN,Conakry
1047,GIN,Kindia
1648,GIN,Kindia
LIBR10051,LBR,?
G4973.1,SLE,?
PL4736,SLE,Kambia
490_EMLH,SLE,?
491_EMLH,SLE,?
75674_EMLH,SLE,WesternUrban
77524_EMLK,SLE,?
567_EMLH,SLE,?
592_EMLH,SLE,?
J0135,SLE,WesternRural
77529_EMLK,SLE,?
J0016,SLE,WesternRural
MK0867,SLE,?
MK0866,SLE,?
77551_EMLK,SLE,?
77572_EMLK,SLE,?
MK0865,SLE,?
MK0464,SLE,?
PL1387,SLE,PortLoko
J0051,SLE,WesternUrban
KT5022,SLE,WesternRural
J0054,SLE,WesternRural
J0137,SLE,WesternRural
DML24708,SLE,Kono
14846_EMLK,SLE,Kambia
14743_EML,SLE,Kambia
PL6656,SLE,PortLoko
PL7429,SLE,PortLoko
PL7451,SLE,PortLoko
PL7834,SLE,PortLoko
PL7709,SLE,PortLoko
PL7401,SLE,PortLoko
PL7375,SLE,PortLoko
PL7136b,SLE,PortLoko
PL7055,SLE,PortLoko
PL8172,SLE,PortLoko
PL7678,SLE,PortLoko
PL7605,SLE,PortLoko
PL7604,SLE,PortLoko
PL7685,SLE,PortLoko
PL7773,SLE,?
PL7496,SLE,PortLoko
PL7820,SLE,PortLoko
PL7792,SLE,PortLoko
PL7946,SLE,PortLoko
PL7551,SLE,PortLoko
PL7511,SLE,PortLoko
PL7053,SLE,PortLoko
PL7775,SLE,?
PL7689,SLE,PortLoko
15000_EMLK,SLE,Kambia
PL7376,SLE,PortLoko
15674_EMLK,SLE,Kambia
PL7947,SLE,PortLoko
15373_EMLK,SLE,Kambia
15360_EMLK,SLE,Kambia
PL8896,SLE,PortLoko
PL8780,SLE,PortLoko
PL8630,SLE,PortLoko
PL8310,SLE,PortLoko
PL9192,SLE,PortLoko
PL9199,SLE,PortLoko
PL9150,SLE,PortLoko
PL8128,SLE,PortLoko
15327_EMLK,SLE,Kambia
PL7774,SLE,?
15470_EMLK,SLE,Kambia
15661_EMLK,SLE,Kambia
15207R_EMLK,SLE,Kambia
15543_EMLK,SLE,Kambia
KT7095,SLE,Kambia
20547_EMLK,SLE,Kambia
020484_EMLK,SLE,Kambia
20524_EMLK,SLE,Kambia
020380_EMLK,SLE,Kambia
20525_EMLK,SLE,Kambia
19560R_EMLK,SLE,Kambia
19521_EMLK,SLE,Kambia
15421_EMLK,SLE,Kambia
15349_EMLK,SLE,Kambia
15338_EMLK,SLE,Kambia
15438R_EMLK,SLE,Kambia
15686_EMLK,SLE,Kambia
15314_EMLK,SLE,Kambia
15274_EMLK,SLE,Kambia
15323_EMLK,SLE,Kambia
PL6049,SLE,Kambia
PL4483,SLE,Kambia
PL4865,SLE,Kambia
PL4866,SLE,Kambia
PL4864,SLE,Kambia
PL5157,SLE,PortLoko
PL5025,SLE,Kambia
PL4763,SLE,Kambia
PL4226,SLE,Kambia
J0099,SLE,Kambia
J0092,SLE,WesternRural
G6012.1,SLE,?
J0053,SLE,WesternRural
77577_EMLK,SLE,WesternUrban
77578_EMLK,SLE,WesternUrban
77588_EMLK,SLE,WesternUrban
20143964,SLE,Bo
20142417,SLE,Bo
20142407,SLE,Tonkolili
EM_074438,GIN,Nzerekore
EM_074437,GIN,Nzerekore
EM_074439,GIN,Nzerekore
EM_000128,GIN,Gueckedou
EM_000706,GIN,Nzerekore
EM_000219,GIN,Macenta
EM_074436,GIN,Nzerekore
LIBR10079,LBR,GrandBassa
LIBR10078,LBR,GrandBassa
LIBR10205,LBR,Montserrado
CDC-NIH-683,LBR,Montserrado
LIBR1195,LBR,Margibi
LIBR0993,LBR,Montserrado
CDC-NIH-3762,LBR,Montserrado
PL4248,SLE,PortLoko
PL4249,SLE,PortLoko
EM_COY_2015_016449,GIN,Forecariah
CDC-NIH-1122,LBR,Margibi
20140933,SLE,Moyamba
G5737.1,SLE,Moyamba
EM_080213,LBR,?
LIBR10087,LBR,Margibi
LIBR10086,LBR,Margibi
LIBR10088,LBR,Montserrado
LIBR0173,LBR,Montserrado
EM_080003,SLE,Kailahun
G5765.1,SLE,Moyamba
20142477,SLE,Moyamba
G5763.1,SLE,Moyamba
G5767.1,SLE,?
G5731.1,SLE,Moyamba
20141061,SLE,Moyamba
G5571.1,SLE,Kenema
J0050,SLE,WesternUrban
LIBR0707,LBR,Montserrado
LIBR10077,LBR,Margibi
CDC-NIH-261,LBR,Montserrado
LIBR10032,LBR,?
LIBR10014,LBR,Montserrado
LIBR10217,LBR,?
LIBR0159,LBR,Montserrado
CDC-NIH-3871,LBR,GrandBassa
LIBR10218,LBR,?
LIBR10047,LBR,Margibi
LIBR11079,LBR,Montserrado
CDC-NIH-708,LBR,Montserrado
LIBR10262,LBR,Montserrado
LIBR10209,LBR,Montserrado
LIBR0008,LBR,Montserrado
DML24669,SLE,Kono
EM_COY_2015_014100,GIN,Conakry
EM_COY_2015_016263,GIN,Forecariah
G6104.1,SLE,Moyamba
G6103.1,SLE,Moyamba
LIBR1221,LBR,Montserrado
J0028,SLE,Bombali
G4751.1,SLE,?
J0005,SLE,WesternRural
J0173,SLE,WesternRural
J0121,SLE,WesternUrban
G6020.1,SLE,?
20146001,SLE,Kono
DML24511,SLE,Kono
DML24720,SLE,Kono
20144521,SLE,Kono
DML24504,SLE,Kono
KT4553,SLE,?
KT4555,SLE,?
KT4663,SLE,?
DML24506,SLE,Kono
DML24706,SLE,Kono
DML24608,SLE,Kono
DML24825,SLE,Tonkolili
DML25083,SLE,Kono
DML25103,SLE,Kono
DML24611,SLE,Kono
DML24553,SLE,Kono
DML24818,SLE,Kono
DML24573,SLE,Kono
DML25123,SLE,Kenema
DML24502,SLE,Kono
DML24552,SLE,Kono
DML24581,SLE,Kono
DML24605,SLE,Kono
DML24758,SLE,Kono
DML24854,SLE,Kono
DML24853,SLE,Kono
DML24604,SLE,Kono
DML24677,SLE,Kono
DML24683,SLE,Kono
DML24620,SLE,Kono
G6069.1,SLE,Kambia
20141352,SLE,Kambia
20141997,SLE,Kono
J0146,SLE,WesternUrban
J0147,SLE,WesternUrban
75731_EMLH,SLE,WesternUrban
MK1040,SLE,Bombali
G5244.1,SLE,?
20140174,SLE,WesternUrban
20143458,SLE,Tonkolili
J0112,SLE,WesternArea
J0134,SLE,WesternRural
J0024,SLE,WesternRural
J0008,SLE,WesternUrban
J0007,SLE,WesternRural
20140872,SLE,WesternUrban
G5723.1,SLE,Bonthe
J0150,SLE,WesternUrban
J0157,SLE,WesternUrban
J0039,SLE,PortLoko
J0159,SLE,WesternRural
J0154,SLE,WesternArea
20141397,SLE,Moyamba
J0089,SLE,WesternArea
KT2449,SLE,WesternUrban
MK0888,SLE,?
MK0885,SLE,Bombali
MK0889,SLE,?
77601_EMLK,SLE,WesternUrban
539_EMLH,SLE,WesternUrban
508_EMLH,SLE,WesternUrban
J0066,SLE,WesternArea
J0042,SLE,WesternRural
J0001,SLE,WesternRural
361_EMLH,SLE,WesternUrban
J0174,SLE,WesternArea
J0171,SLE,WesternRural
J0041,SLE,WesternArea
J0144,SLE,Kambia
J0143,SLE,Kambia
J0002,SLE,WesternUrban
20143317,SLE,Bombali
J0149,SLE,WesternUrban
J0113,SLE,WesternUrban
KT2810,SLE,?
KT4801,SLE,?
PL2921,SLE,Kambia
G4416.1,SLE,Bo
LIBR0423,LBR,Montserrado
EM_COY_2015_016236,GIN,Forecariah
LIBR1413,LBR,Montserrado
EM_FORE_2015_1415,GIN,Forecariah
CDC-NIH-710,LBR,Montserrado
LIBR10065,LBR,?
CDC-NIH-1650,LBR,Margibi
LIBR10029,LBR,Margibi
LIBR10025,LBR,Margibi
LIBR10030,LBR,Margibi
LIBR0079,LBR,Montserrado
LIBR10127,LBR,Bong
EM_COY_2015_014261,GIN,Forecariah
KG12,GIN,Boke
EM_COY_2015_017091,GIN,Boke
IPDPFHGINSP_GUI_2015_5339,GIN,Conakry
EM_COY_2015_016743,GIN,Boke
EM_COY_2015_015802,GIN,Coyah
20140517,SLE,Kailahun
G4437.1,SLE,Kenema
G4445.1,SLE,Kenema
LIBR10118,LBR,Montserrado
CDC-NIH-595,LBR,Montserrado
LIBR10132,LBR,Margibi
LIBR10253,LBR,Margibi
LIBR10212,LBR,?
LIBR0157,LBR,Gbarpolu
LIBR10254,LBR,?
LIBR0229,LBR,GrandBassa
LIBR10255,LBR,Bong
LIBR11177,LBR,Margibi
LIBR10008,LBR,?
LIBR10020,LBR,?
LIBR10031,LBR,Margibi
LIBR10202,LBR,Montserrado
G3972.1,SLE,?
G3808,SLE,Kailahun
G3838.2,SLE,Kailahun
EM_080065,LBR,?
LIBR10027,LBR,?
EM_074720,LBR,Lofa
G3841,SLE,Bo
G3820,SLE,Kailahun
G4221.1,SLE,?
LIBR0279,LBR,?
LIBR10112,LBR,RiverGee
LIBR10145,LBR,?
LIBR10074,LBR,?
LIBR10307,LBR,Montserrado
LIBR10135,LBR,?
LIBR10210,LBR,Montserrado
LIBR0605,LBR,Montserrado
LIBR10208,LBR,Montserrado
LIBR10052,LBR,?
LIBR10195,LBR,?
LIBR10187,LBR,?
LIBR10201,LBR,Montserrado
LIBR10037,LBR,?
CDC-NIH-259,LBR,Montserrado
201403007,LBR,?
LIBR10222,LBR,GrandBassa
LIBR0380,LBR,Montserrado
LIBR10265,LBR,?
20141241,SLE,PortLoko
LIBR10089,LBR,?
LIBR10271,LBR,?
EM_075043,LBR,Lofa
LIBR10237,LBR,?
G3769,SLE,Kailahun
LIBR10245,LBR,?
LIBR10306,LBR,?
LIBR10239,LBR,?
LIBR10249,LBR,?
LIBR10238,LBR,?
G3787,SLE,Kailahun
G3831,SLE,Kailahun
EM_080165,SLE,Kailahun
G3786,SLE,Kailahun
LIBR10179,LBR,Montserrado
LIBR10168,LBR,?
LIBR10113,LBR,?
LIBR10106,LBR,Nimba
LIBR0090,LBR,Margibi
LIBR10053,LBR,?
Makona-201403261,LBR,?
LIBR10056,LBR,Margibi
CDC-NIH-2313,LBR,Montserrado
LIBR10092,LBR,?
LIBR10098,LBR,?
LIBR10021,LBR,?
LIBR10033,LBR,Nimba
LIBR10066,LBR,Montserrado
LIBR10072,LBR,Montserrado
EM_004589,GIN,Siguiri
LIBR10230,LBR,Montserrado
LIBR10017,LBR,Montserrado
LIBR10081,LBR,Margibi
LIBR10277,LBR,Margibi
LIBR10170,LBR,Montserrado
LIBR0430,LBR,GrandBassa
LIBR10180,LBR,Montserrado
LIBR10060,LBR,Montserrado
CDC-NIH-603,LBR,Montserrado
LIBR10139,LBR,?
EM_000958,GIN,Nzerekore
CDC-NIH-257,LBR,Montserrado
G3810,SLE,Kailahun
G3795,SLE,Kailahun
G3796,SLE,Kailahun
LIBR10250,LBR,?
EM121,SLE,Kailahun
G3679,SLE,Kailahun
EM096,SLE,Kailahun
IPDPFHGINSP_GUI_2015_7070,GIN,Forecariah
20142065,SLE,Kenema
CON12930,GIN,Conakry
EM_COY_2015_013576,GIN,Coyah
EM_COY_2015_017018,GIN,Forecariah
PL4432,SLE,Kambia
PL5249,SLE,Kambia
PL5294,SLE,Kambia
EM_COY_2015_017021,GIN,Fria
EM_FORE_2015_875,GIN,Forecariah
EM_FORE_2015_816,GIN,Forecariah
EM_COY_2015_016642,GIN,Forecariah
EM_COY_2015_015982,GIN,Forecariah
EM_COY_2015_016293,GIN,Forecariah
IPDPFHGINSP_GUI_2015_6505,GIN,Forecariah
EM_COY_2015_013731,GIN,Coyah
IPDPFHGINSP_GUI_2015_4786,GIN,Conakry
EM_COY_2015_014102,GIN,Conakry
IPDPFHGINSP_GUI_2015_5117,GIN,Dubreka
IPDPFHGINSP_GUI_2015_4909,GIN,Conakry
EM_COY_2015_014098,GIN,Conakry
EM_079413,GIN,Gueckedou
G3729,SLE,Kailahun
EM_074353,LBR,Lofa
EM_074352,LBR,Lofa
EM110,SLE,Kailahun
EM_079423,GIN,Macenta
EM_079429,GIN,Gueckedou
EM_079421,GIN,Macenta
EM_079434,GIN,Macenta
Gueckedou-C07,GIN,Gueckedou
EM_079422,GIN,Macenta
EM_079424,GIN,Macenta
1320,GIN,Coyah
G3788,SLE,Kailahun
EM_079517,GIN,Gueckedou
EM_079549,GIN,Gueckedou
EM_079542,GIN,Gueckedou
EM_079410,GIN,Gueckedou
EM_076949,GIN,Gueckedou
EM_076948,GIN,Gueckedou
EM_076769,GIN,Kerouane
EM_076770,GIN,Kerouane
EM_074684,GIN,Macenta
EM_078697,GIN,Kerouane
EM_078709,GIN,Kerouane
EM_004580,GIN,Faranah
EM_004555,GIN,Kissidougou
EM_004563,GIN,Kissidougou
EM_004503,GIN,Faranah
EM_004192,GIN,Faranah
EM_000968,GIN,Macenta
EM_000921,GIN,Macenta
EM_074350,LBR,Lofa
EM_080067,LBR,?
G3823,SLE,Kailahun
EM_080269,LBR,?
EM_079388,GIN,Macenta
EM_075368,GIN,Macenta
G3734,SLE,Kailahun
G3799,SLE,Kailahun
LIBR10082,LBR,Margibi
EM_074392,LBR,?
EM_074391,LBR,Lofa
EM_080261,LBR,Lofa
EM_074349,LBR,Lofa
LIBR0177,LBR,Montserrado
LIBR10267,LBR,Montserrado
LIBR10130,LBR,Montserrado
G3807,SLE,Kailahun
G3782,SLE,Kailahun
LIBR10240,LBR,?
G3758,SLE,Kailahun
G3838,SLE,Kailahun
EM098,SLE,Kailahun
G3670,SLE,Kailahun
G3683,SLE,Kailahun
1652,GIN,Coyah
G5016.1,SLE,Kenema
1327,GIN,Coyah
1316,GIN,Coyah
20143164,SLE,Kenema
J0156,SLE,WesternUrban
G3707,SLE,Kailahun
G4433.1,SLE,Kailahun
G4235.1,SLE,Kailahun
G4133.1,SLE,Kailahun
20143466,SLE,Kenema
G4527.2,SLE,Kenema
G4348.1,SLE,Kenema
G4252.1,SLE,Kailahun
G4337.1,SLE,Kailahun
G4382.1,SLE,Kenema
653,GIN,Conakry
G5012.3,SLE,WesternArea
G4254.1,SLE,Kailahun
G4251.1,SLE,Kailahun
G4236.1,SLE,Kailahun
G3926.2,SLE,Kailahun
G3789,SLE,Kailahun
G3713,SLE,Kailahun
EM119,SLE,Kailahun
G3770,SLE,Kailahun
EM120,SLE,Kailahun
G3680,SLE,Kailahun
EM_074531,GIN,Gueckedou
EM_000707,GIN,Gueckedou
1686,GIN,Coyah
1689,GIN,Coyah
1436,GIN,Coyah
EM_COY_2015_013857,GIN,Forecariah
EM_080223,LBR,?
G3677,SLE,Kailahun
G3682,SLE,Kailahun
Kissidougou-C15,GIN,Kissidougou
EM_000934,GIN,Gueckedou
G3686,SLE,Kailahun
EM_079442,GIN,Gueckedou
G3687,SLE,Kailahun
EM095,SLE,Kailahun
G3676,SLE,Kailahun
EM_079880,GIN,Gueckedou
EM_079876,GIN,Gueckedou
EM_080064,LBR,Lofa
1129,GIN,Conakry
1277,GIN,Coyah
1333,GIN,Coyah
1374,GIN,Coyah
1331,GIN,Kerouane
1249,GIN,Conakry
1278,GIN,Coyah
1298,GIN,Conakry
Gueckedou-C05,GIN,Gueckedou
1341,GIN,Coyah
1690,GIN,Coyah
EM_079414,GIN,Gueckedou